portefeuille,nombre,nombre_equivalent,capital_regle,capital_simule,capital_ajuste,erreur_type,ecart,ecart_pct,reste_apres_ajustement,part_rattrapee_pct
5 000 prêts identiques,5000,5000.0,0.052109071382606384,0.05216,0.052240513814037694,0.000732810508925886,5.0928617393614095e-05,0.0977346478114628,-8.05138140376957e-05,258.091497782917
2 000 prêts identiques,2000,1999.9999999999995,0.05210907138260637,0.0526,0.052437677462507735,0.000601251420646496,0.0004909286173936309,0.9421173787362852,0.00016232253749226544,66.93561309298988
1 000 prêts identiques,1000,999.9999999999998,0.05210907138260637,0.0528,0.052766283542409115,0.000640832235171814,0.0006909286173936297,1.325927710974824,3.371645759088493e-05,95.12012431644928
500 prêts identiques,500,500.0,0.05210907138260637,0.0536,0.0534234957022125,0.0007049154586889954,0.0014909286173936317,2.861169039928992,0.00017650429778750393,88.16145214946238
200 prêts identiques,200,199.99999999999997,0.052109071382606356,0.055999999999999994,0.05539513216398956,0.0007727682835895404,0.003890928617393638,7.466893026791498,0.0006048678360104365,84.45440933286484
100 prêts identiques,100,100.0,0.05210907138260635,0.06,0.0586811929541787,0.0006785282490054502,0.007890928617393649,15.143099671562343,0.0013188070458212964,83.2870488409399
50 prêts identiques,50,49.99999999999999,0.052109071382606356,0.068,0.06525331450812911,0.0007539202766727224,0.01589092861739365,30.495512961103987,0.00274668549187089,82.7153871368822
"500 prêts, dix font 30 %",500,100.00000000000009,0.05210907138260634,0.05942857142857142,0.0586811929277395,0.0007296871249225274,0.007319500045965079,14.046498722309371,0.0007473785008319175,89.78921379686425
"500 prêts, dix font 50 %",500,39.19999999999998,0.052109071382606405,0.07110204081632657,0.06887468761413765,0.0008462370452448926,0.018992969433720162,36.44848954276292,0.0022273532021889197,88.27274897713218
